User_ID,Age,Gender,Platform,Daily_Usage_Time (minutes),Posts_Per_Day,Likes_Received_Per_Day,Comments_Received_Per_Day,Messages_Sent_Per_Day,Dominant_Emotion
1,25.0,Female,Instagram,120.0,3.0,45.0,10.0,12.0,Happiness
2,30.0,Male,Twitter,90.0,5.0,20.0,25.0,30.0,Anger
3,22.0,Non-binary,Facebook,60.0,2.0,15.0,5.0,20.0,Neutral
4,28.0,Female,Instagram,200.0,8.0,100.0,30.0,50.0,Anxiety
5,33.0,Male,LinkedIn,45.0,1.0,5.0,2.0,10.0,Boredom
6,21.0,Male,Instagram,150.0,4.0,60.0,15.0,25.0,Happiness
7,27.0,Female,Twitter,85.0,3.0,30.0,10.0,18.0,Anger
8,24.0,Non-binary,Facebook,110.0,6.0,25.0,12.0,22.0,Sadness
9,29.0,Female,LinkedIn,55.0,2.0,10.0,3.0,8.0,Neutral
10,31.0,Male,Instagram,170.0,5.0,80.0,20.0,35.0,Happiness
11,23.0,Female,Twitter,75.0,4.0,35.0,7.0,20.0,Anxiety
12,26.0,Non-binary,Facebook,95.0,3.0,20.0,10.0,18.0,Sadness
13,34.0,Male,LinkedIn,65.0,1.0,12.0,4.0,15.0,Boredom
14,22.0,Female,Instagram,180.0,7.0,90.0,25.0,40.0,Happiness
15,28.0,Male,Twitter,100.0,6.0,40.0,23.0,28.0,Anger
16,21.0,Non-binary,Facebook,40.0,1.0,5.0,2.0,10.0,Neutral
17,35.0,Female,Instagram,125.0,4.0,55.0,18.0,30.0,Anxiety
18,27.0,Male,Twitter,90.0,3.0,33.0,15.0,25.0,Sadness
19,23.0,Non-binary,LinkedIn,50.0,1.0,8.0,3.0,12.0,Neutral
20,32.0,Female,Instagram,140.0,5.0,70.0,22.0,33.0,Happiness
21,26.0,Male,Facebook,75.0,2.0,25.0,10.0,18.0,Anxiety
22,24.0,Female,Twitter,105.0,4.0,28.0,14.0,20.0,Anger
23,29.0,Male,LinkedIn,60.0,2.0,11.0,5.0,17.0,Boredom
24,33.0,Non-binary,Instagram,190.0,8.0,95.0,26.0,45.0,Happiness
25,22.0,Female,Twitter,70.0,3.0,20.0,12.0,15.0,Sadness
26,31.0,Male,Facebook,80.0,2.0,18.0,8.0,21.0,Neutral
27,27.0,Non-binary,LinkedIn,55.0,1.0,9.0,2.0,11.0,Anxiety
28,25.0,Female,Instagram,160.0,6.0,85.0,19.0,32.0,Happiness
29,30.0,Male,Twitter,90.0,4.0,38.0,17.0,24.0,Anger
30,26.0,Non-binary,Facebook,45.0,1.0,6.0,3.0,10.0,Sadness
31,34.0,Female,LinkedIn,65.0,2.0,13.0,4.0,14.0,Boredom
32,28.0,Male,Instagram,145.0,5.0,75.0,20.0,35.0,Happiness
33,23.0,Non-binary,Twitter,70.0,3.0,27.0,11.0,18.0,Neutral
34,21.0,Female,Instagram,130.0,6.0,88.0,15.0,30.0,Sadness
35,29.0,Male,Facebook,65.0,2.0,22.0,8.0,20.0,Anxiety
36,24.0,Non-binary,LinkedIn,55.0,1.0,10.0,5.0,11.0,Boredom
37,33.0,Female,Instagram,170.0,7.0,90.0,25.0,40.0,Happiness
38,27.0,Male,Twitter,85.0,4.0,35.0,15.0,20.0,Anger
39,22.0,Female,Instagram,115.0,3.0,55.0,12.0,25.0,Neutral
40,28.0,Non-binary,Facebook,100.0,2.0,18.0,10.0,22.0,Anxiety
41,31.0,Male,LinkedIn,45.0,1.0,6.0,2.0,9.0,Sadness
42,25.0,Female,Instagram,150.0,6.0,80.0,18.0,30.0,Happiness
43,29.0,Male,Twitter,95.0,4.0,40.0,20.0,22.0,Anger
44,23.0,Non-binary,Facebook,105.0,2.0,20.0,8.0,18.0,Neutral
45,35.0,Female,LinkedIn,60.0,1.0,12.0,5.0,14.0,Boredom
46,30.0,Male,Instagram,175.0,7.0,85.0,23.0,38.0,Happiness
47,21.0,Female,Twitter,90.0,3.0,33.0,12.0,20.0,Sadness
48,26.0,Non-binary,Facebook,75.0,2.0,28.0,11.0,18.0,Anxiety
49,32.0,Male,Instagram,130.0,5.0,70.0,19.0,31.0,Neutral
50,28.0,Female,LinkedIn,55.0,1.0,8.0,4.0,10.0,Boredom
51,27.0,Male,Instagram,165.0,6.0,78.0,22.0,27.0,Happiness
52,24.0,Female,Twitter,75.0,3.0,29.0,15.0,19.0,Anger
53,29.0,Non-binary,Facebook,85.0,2.0,25.0,7.0,20.0,Neutral
54,33.0,Female,Instagram,145.0,4.0,60.0,18.0,35.0,Sadness
55,31.0,Male,LinkedIn,60.0,1.0,10.0,3.0,17.0,Anxiety
56,22.0,Female,Whatsapp,70.0,2.0,40.0,8.0,21.0,Anxiety
57,25.0,Male,Telegram,90.0,3.0,20.0,10.0,22.0,Boredom
58,29.0,Non-binary,Snapchat,50.0,2.0,15.0,5.0,18.0,Sadness
59,28.0,Female,Twitter,95.0,4.0,45.0,20.0,25.0,Happiness
60,27.0,Male,Facebook,60.0,1.0,10.0,4.0,15.0,Boredom
61,30.0,Female,Instagram,175.0,6.0,70.0,23.0,33.0,Happiness
62,23.0,Male,Whatsapp,70.0,3.0,20.0,8.0,18.0,Anger
63,34.0,Non-binary,Telegram,80.0,2.0,18.0,7.0,20.0,Neutral
64,26.0,Female,Snapchat,120.0,4.0,50.0,15.0,30.0,Anxiety
65,25.0,Male,Twitter,90.0,6.0,40.0,12.0,26.0,Sadness
66,29.0,Non-binary,Facebook,60.0,1.0,8.0,2.0,12.0,Boredom
67,28.0,Male,Instagram,165.0,5.0,75.0,18.0,35.0,Happiness
68,31.0,Female,Whatsapp,65.0,2.0,25.0,8.0,20.0,Neutral
69,27.0,Male,Telegram,105.0,3.0,45.0,15.0,28.0,Anxiety
70,22.0,Non-binary,Snapchat,75.0,2.0,18.0,6.0,20.0,Sadness
71,24.0,Female,Instagram,140.0,4.0,60.0,18.0,30.0,Happiness
72,35.0,Male,Twitter,70.0,1.0,12.0,7.0,10.0,Boredom
73,21.0,Non-binary,Facebook,55.0,3.0,15.0,5.0,12.0,Neutral
74,29.0,Female,Whatsapp,90.0,2.0,20.0,9.0,22.0,Anger
75,25.0,Male,Telegram,80.0,4.0,28.0,11.0,25.0,Neutral
76,28.0,Non-binary,Snapchat,115.0,3.0,36.0,12.0,27.0,Anxiety
77,32.0,Female,Instagram,155.0,6.0,72.0,20.0,38.0,Happiness
78,26.0,Male,Twitter,75.0,2.0,22.0,10.0,18.0,Sadness
79,33.0,Non-binary,Facebook,65.0,1.0,12.0,5.0,14.0,Anxiety
80,27.0,Female,Whatsapp,90.0,4.0,35.0,14.0,20.0,Neutral
81,31.0,Male,Telegram,50.0,2.0,18.0,6.0,12.0,Sadness
82,24.0,Non-binary,Snapchat,85.0,3.0,30.0,13.0,18.0,Happiness
83,34.0,Female,Instagram,120.0,5.0,55.0,19.0,25.0,Anger
84,22.0,Male,Twitter,70.0,1.0,20.0,5.0,22.0,Neutral
85,29.0,Non-binary,Facebook,75.0,2.0,18.0,8.0,20.0,Boredom
86,28.0,Female,Whatsapp,100.0,4.0,35.0,12.0,26.0,Anxiety
87,31.0,Male,Telegram,85.0,3.0,40.0,15.0,28.0,Sadness
88,21.0,Non-binary,Snapchat,60.0,1.0,15.0,5.0,12.0,Neutral
89,25.0,Female,Instagram,170.0,6.0,78.0,22.0,33.0,Happiness
90,30.0,Male,Twitter,70.0,2.0,28.0,10.0,20.0,Anxiety
91,27.0,Non-binary,Facebook,50.0,1.0,8.0,2.0,10.0,Boredom
92,32.0,Female,Whatsapp,105.0,4.0,50.0,18.0,25.0,Anger
93,24.0,Male,Telegram,75.0,3.0,33.0,13.0,22.0,Neutral
94,29.0,Female,Snapchat,95.0,2.0,20.0,7.0,28.0,Sadness
95,26.0,Male,Instagram,150.0,5.0,65.0,20.0,30.0,Anxiety
96,33.0,Non-binary,Twitter,85.0,4.0,30.0,13.0,18.0,Boredom
97,22.0,Female,Facebook,70.0,1.0,12.0,5.0,10.0,Neutral
98,35.0,Male,Whatsapp,110.0,3.0,45.0,20.0,25.0,Happiness
99,28.0,Non-binary,Telegram,60.0,2.0,15.0,6.0,18.0,Anger
100,27.0,Female,Snapchat,120.0,4.0,38.0,13.0,22.0,Neutral
101,25.0,Female,Instagram,120.0,5.0,50.0,20.0,25.0,Happiness
102,30.0,Male,Twitter,90.0,4.0,30.0,20.0,22.0,Anger
103,22.0,Non-binary,Facebook,60.0,2.0,20.0,10.0,15.0,Neutral
104,28.0,Female,Instagram,200.0,8.0,110.0,40.0,45.0,Anxiety
105,33.0,Male,LinkedIn,45.0,1.0,10.0,5.0,12.0,Boredom
106,21.0,Male,Instagram,150.0,5.0,65.0,25.0,30.0,Happiness
107,27.0,Female,Twitter,85.0,3.0,40.0,18.0,20.0,Anger
108,24.0,Non-binary,Facebook,110.0,6.0,35.0,16.0,25.0,Sadness
109,29.0,Female,LinkedIn,55.0,2.0,15.0,5.0,10.0,Neutral
110,31.0,Male,Instagram,170.0,7.0,90.0,35.0,40.0,Happiness
111,23.0,Female,Twitter,75.0,4.0,45.0,20.0,25.0,Anxiety
112,26.0,Non-binary,Facebook,95.0,3.0,30.0,14.0,18.0,Sadness
113,34.0,Male,LinkedIn,65.0,1.0,14.0,6.0,15.0,Boredom
114,22.0,Female,Instagram,180.0,8.0,100.0,38.0,45.0,Happiness
115,28.0,Male,Twitter,100.0,6.0,50.0,30.0,29.0,Anger
116,21.0,Non-binary,Facebook,40.0,1.0,10.0,4.0,12.0,Neutral
117,35.0,Female,Instagram,125.0,5.0,65.0,22.0,28.0,Anxiety
118,27.0,Male,Twitter,90.0,3.0,40.0,16.0,24.0,Sadness
119,23.0,Non-binary,LinkedIn,50.0,1.0,12.0,6.0,12.0,Neutral
120,32.0,Female,Instagram,140.0,6.0,75.0,28.0,30.0,Happiness
121,26.0,Male,Facebook,75.0,2.0,30.0,14.0,20.0,Anxiety
122,24.0,Female,Twitter,105.0,4.0,35.0,20.0,23.0,Anger
123,29.0,Male,LinkedIn,60.0,2.0,17.0,8.0,15.0,Boredom
124,33.0,Non-binary,Instagram,190.0,8.0,105.0,36.0,50.0,Happiness
125,22.0,Female,Twitter,70.0,3.0,25.0,16.0,15.0,Sadness
126,31.0,Male,Facebook,80.0,2.0,20.0,10.0,20.0,Neutral
127,27.0,Non-binary,LinkedIn,55.0,1.0,12.0,5.0,11.0,Anxiety
128,25.0,Female,Instagram,160.0,6.0,85.0,26.0,30.0,Happiness
129,30.0,Male,Twitter,90.0,4.0,43.0,19.0,24.0,Anger
130,26.0,Non-binary,Facebook,45.0,1.0,8.0,4.0,12.0,Sadness
131,34.0,Female,LinkedIn,65.0,2.0,17.0,5.0,14.0,Boredom
132,28.0,Male,Instagram,145.0,7.0,80.0,30.0,35.0,Happiness
133,23.0,Non-binary,Twitter,70.0,3.0,30.0,14.0,18.0,Neutral
134,21.0,Female,Instagram,130.0,6.0,95.0,22.0,28.0,Sadness
135,29.0,Male,Facebook,65.0,2.0,27.0,11.0,22.0,Anxiety
136,24.0,Non-binary,LinkedIn,55.0,1.0,11.0,6.0,11.0,Boredom
137,33.0,Female,Instagram,170.0,7.0,95.0,30.0,38.0,Happiness
138,27.0,Male,Twitter,85.0,4.0,45.0,18.0,24.0,Anger
139,22.0,Female,Instagram,115.0,3.0,60.0,17.0,30.0,Neutral
140,28.0,Non-binary,Facebook,100.0,2.0,22.0,12.0,25.0,Anxiety
141,31.0,Male,LinkedIn,45.0,1.0,9.0,4.0,10.0,Sadness
142,25.0,Female,Instagram,150.0,6.0,90.0,26.0,30.0,Happiness
143,29.0,Male,Twitter,95.0,4.0,50.0,22.0,22.0,Anger
144,23.0,Non-binary,Facebook,105.0,2.0,25.0,12.0,18.0,Neutral
145,35.0,Female,LinkedIn,60.0,1.0,15.0,7.0,14.0,Boredom
146,30.0,Male,Instagram,175.0,7.0,100.0,33.0,38.0,Happiness
147,21.0,Female,Twitter,90.0,3.0,37.0,14.0,20.0,Sadness
148,26.0,Non-binary,Facebook,75.0,2.0,30.0,12.0,18.0,Anxiety
149,32.0,Male,Instagram,130.0,5.0,80.0,28.0,31.0,Neutral
150,28.0,Female,LinkedIn,55.0,1.0,12.0,6.0,10.0,Boredom
151,27.0,Male,Instagram,165.0,6.0,85.0,30.0,28.0,Happiness
152,24.0,Female,Twitter,75.0,3.0,33.0,18.0,19.0,Anger
153,29.0,Non-binary,Facebook,85.0,2.0,27.0,9.0,20.0,Neutral
154,33.0,Female,Instagram,145.0,4.0,65.0,23.0,35.0,Sadness
155,31.0,Male,LinkedIn,60.0,1.0,15.0,7.0,17.0,Anxiety
156,22.0,Female,Whatsapp,70.0,2.0,42.0,10.0,21.0,Anxiety
157,25.0,Male,Telegram,90.0,3.0,22.0,11.0,22.0,Boredom
158,29.0,Non-binary,Snapchat,50.0,2.0,18.0,7.0,18.0,Sadness
159,28.0,Female,Twitter,95.0,4.0,48.0,22.0,25.0,Happiness
160,27.0,Male,Facebook,60.0,1.0,12.0,5.0,15.0,Boredom
161,30.0,Female,Instagram,175.0,6.0,72.0,30.0,33.0,Happiness
162,23.0,Male,Whatsapp,70.0,3.0,22.0,10.0,18.0,Anger
163,34.0,Non-binary,Telegram,80.0,2.0,21.0,8.0,20.0,Neutral
164,26.0,Female,Snapchat,120.0,4.0,55.0,18.0,30.0,Anxiety
165,25.0,Male,Twitter,90.0,6.0,42.0,14.0,26.0,Sadness
166,29.0,Non-binary,Facebook,60.0,1.0,12.0,4.0,12.0,Boredom
167,28.0,Male,Instagram,165.0,5.0,78.0,23.0,35.0,Happiness
168,31.0,Female,Whatsapp,65.0,2.0,27.0,10.0,20.0,Neutral
169,27.0,Male,Telegram,105.0,3.0,48.0,20.0,28.0,Anxiety
170,22.0,Non-binary,Snapchat,75.0,2.0,21.0,8.0,20.0,Sadness
171,24.0,Female,Instagram,140.0,4.0,65.0,22.0,30.0,Happiness
172,35.0,Male,Twitter,70.0,1.0,13.0,8.0,10.0,Boredom
173,21.0,Non-binary,Facebook,55.0,3.0,17.0,7.0,12.0,Neutral
174,29.0,Female,Whatsapp,90.0,2.0,24.0,12.0,22.0,Anger
175,25.0,Male,Telegram,80.0,4.0,30.0,13.0,25.0,Neutral
176,28.0,Non-binary,Snapchat,115.0,3.0,38.0,18.0,27.0,Anxiety
177,32.0,Female,Instagram,155.0,6.0,75.0,25.0,38.0,Happiness
178,26.0,Male,Twitter,75.0,2.0,23.0,12.0,18.0,Sadness
179,33.0,Non-binary,Facebook,65.0,1.0,13.0,7.0,14.0,Anxiety
180,27.0,Female,Whatsapp,90.0,4.0,37.0,18.0,20.0,Neutral
181,31.0,Male,Telegram,50.0,2.0,20.0,10.0,12.0,Sadness
182,24.0,Non-binary,Snapchat,85.0,3.0,33.0,20.0,18.0,Happiness
183,34.0,Female,Instagram,120.0,5.0,60.0,25.0,25.0,Anger
184,22.0,Male,Twitter,70.0,1.0,22.0,7.0,22.0,Neutral
185,29.0,Non-binary,Facebook,75.0,2.0,20.0,8.0,20.0,Boredom
186,28.0,Female,Whatsapp,100.0,4.0,37.0,14.0,26.0,Anxiety
187,31.0,Male,Telegram,85.0,3.0,45.0,20.0,28.0,Sadness
188,21.0,Non-binary,Snapchat,60.0,1.0,18.0,7.0,12.0,Neutral
189,25.0,Female,Instagram,170.0,6.0,83.0,30.0,33.0,Happiness
190,30.0,Male,Twitter,70.0,2.0,30.0,12.0,20.0,Anxiety
191,27.0,Non-binary,Facebook,50.0,1.0,10.0,4.0,10.0,Boredom
192,32.0,Female,Whatsapp,105.0,4.0,55.0,25.0,25.0,Anger
193,24.0,Male,Telegram,75.0,3.0,37.0,16.0,22.0,Neutral
194,29.0,Female,Snapchat,95.0,2.0,23.0,10.0,28.0,Sadness
195,26.0,Male,Instagram,150.0,5.0,70.0,25.0,30.0,Anxiety
196,33.0,Non-binary,Twitter,85.0,4.0,35.0,18.0,18.0,Boredom
197,22.0,Female,Facebook,70.0,1.0,14.0,6.0,10.0,Neutral
198,35.0,Male,Whatsapp,110.0,3.0,50.0,25.0,25.0,Happiness
199,28.0,Non-binary,Telegram,60.0,2.0,18.0,8.0,18.0,Anger
200,27.0,Female,Snapchat,120.0,4.0,40.0,18.0,22.0,Neutral
201,25.0,Female,Instagram,120.0,5.0,50.0,20.0,25.0,Happiness
202,30.0,Male,Twitter,90.0,4.0,30.0,20.0,22.0,Anger
203,22.0,Non-binary,Facebook,60.0,2.0,20.0,10.0,15.0,Neutral
204,28.0,Female,Instagram,200.0,8.0,110.0,40.0,45.0,Anxiety
205,33.0,Male,LinkedIn,45.0,1.0,10.0,5.0,12.0,Boredom
206,21.0,Male,Instagram,150.0,5.0,65.0,25.0,30.0,Happiness
207,27.0,Female,Twitter,85.0,3.0,40.0,18.0,20.0,Anger
208,24.0,Non-binary,Facebook,110.0,6.0,35.0,16.0,25.0,Sadness
209,29.0,Female,LinkedIn,55.0,2.0,15.0,5.0,10.0,Neutral
210,31.0,Male,Instagram,170.0,7.0,90.0,35.0,40.0,Happiness
211,23.0,Female,Twitter,75.0,4.0,45.0,20.0,25.0,Anxiety
212,26.0,Non-binary,Facebook,95.0,3.0,30.0,14.0,18.0,Sadness
213,34.0,Male,LinkedIn,65.0,1.0,14.0,6.0,15.0,Boredom
214,22.0,Female,Instagram,180.0,8.0,100.0,38.0,45.0,Happiness
215,28.0,Male,Twitter,100.0,6.0,50.0,30.0,29.0,Anger
216,21.0,Non-binary,Facebook,40.0,1.0,10.0,4.0,12.0,Neutral
217,35.0,Female,Instagram,125.0,5.0,65.0,22.0,28.0,Anxiety
218,27.0,Male,Twitter,90.0,3.0,40.0,16.0,24.0,Sadness
219,23.0,Non-binary,LinkedIn,50.0,1.0,12.0,6.0,12.0,Neutral
220,32.0,Female,Instagram,140.0,6.0,75.0,28.0,30.0,Happiness
221,26.0,Male,Facebook,75.0,2.0,30.0,14.0,20.0,Anxiety
222,24.0,Female,Twitter,105.0,4.0,35.0,20.0,23.0,Anger
223,29.0,Male,LinkedIn,60.0,2.0,17.0,8.0,15.0,Boredom
224,33.0,Non-binary,Instagram,190.0,8.0,105.0,36.0,50.0,Happiness
225,22.0,Female,Twitter,70.0,3.0,25.0,16.0,15.0,Sadness
226,31.0,Male,Facebook,80.0,2.0,20.0,10.0,20.0,Neutral
227,27.0,Non-binary,LinkedIn,55.0,1.0,12.0,5.0,11.0,Anxiety
228,25.0,Female,Instagram,160.0,6.0,85.0,26.0,30.0,Happiness
229,30.0,Male,Twitter,90.0,4.0,43.0,19.0,24.0,Anger
230,26.0,Non-binary,Facebook,45.0,1.0,8.0,4.0,12.0,Sadness
231,34.0,Female,LinkedIn,65.0,2.0,17.0,5.0,14.0,Boredom
232,28.0,Male,Instagram,145.0,7.0,80.0,30.0,35.0,Happiness
233,23.0,Non-binary,Twitter,70.0,3.0,30.0,14.0,18.0,Neutral
234,21.0,Female,Instagram,130.0,6.0,95.0,22.0,28.0,Sadness
235,29.0,Male,Facebook,65.0,2.0,27.0,11.0,22.0,Anxiety
236,24.0,Non-binary,LinkedIn,55.0,1.0,11.0,6.0,11.0,Boredom
237,33.0,Female,Instagram,170.0,7.0,95.0,30.0,38.0,Happiness
238,27.0,Male,Twitter,85.0,4.0,45.0,18.0,24.0,Anger
239,22.0,Female,Instagram,115.0,3.0,60.0,17.0,30.0,Neutral
240,28.0,Non-binary,Facebook,100.0,2.0,22.0,12.0,25.0,Anxiety
241,31.0,Male,LinkedIn,45.0,1.0,9.0,4.0,10.0,Sadness
242,25.0,Female,Instagram,150.0,6.0,90.0,26.0,30.0,Happiness
243,29.0,Male,Twitter,95.0,4.0,50.0,22.0,22.0,Anger
244,23.0,Non-binary,Facebook,105.0,2.0,25.0,12.0,18.0,Neutral
245,35.0,Female,LinkedIn,60.0,1.0,15.0,7.0,14.0,Boredom
246,30.0,Male,Instagram,175.0,7.0,100.0,33.0,38.0,Happiness
247,21.0,Female,Twitter,90.0,3.0,37.0,14.0,20.0,Sadness
248,26.0,Non-binary,Facebook,75.0,2.0,30.0,12.0,18.0,Anxiety
249,32.0,Male,Instagram,130.0,5.0,80.0,28.0,31.0,Neutral
250,28.0,Female,LinkedIn,55.0,1.0,12.0,6.0,10.0,Boredom
251,27.0,Male,Instagram,165.0,6.0,85.0,30.0,28.0,Happiness
252,24.0,Female,Twitter,75.0,3.0,33.0,18.0,19.0,Anger
253,29.0,Non-binary,Facebook,85.0,2.0,27.0,9.0,20.0,Neutral
254,33.0,Female,Instagram,145.0,4.0,65.0,23.0,35.0,Sadness
255,31.0,Male,LinkedIn,60.0,1.0,15.0,7.0,17.0,Anxiety
256,22.0,Female,Whatsapp,70.0,2.0,42.0,10.0,21.0,Anxiety
257,25.0,Male,Telegram,90.0,3.0,22.0,11.0,22.0,Boredom
258,29.0,Non-binary,Snapchat,50.0,2.0,18.0,7.0,18.0,Sadness
259,28.0,Female,Twitter,95.0,4.0,48.0,22.0,25.0,Happiness
260,27.0,Male,Facebook,60.0,1.0,12.0,5.0,15.0,Boredom
261,30.0,Female,Instagram,175.0,6.0,72.0,30.0,33.0,Happiness
262,23.0,Male,Whatsapp,70.0,3.0,22.0,10.0,18.0,Anger
263,34.0,Non-binary,Telegram,80.0,2.0,21.0,8.0,20.0,Neutral
264,26.0,Female,Snapchat,120.0,4.0,55.0,18.0,30.0,Anxiety
265,25.0,Male,Twitter,90.0,6.0,42.0,14.0,26.0,Sadness
266,29.0,Non-binary,Facebook,60.0,1.0,12.0,4.0,12.0,Boredom
267,28.0,Male,Instagram,165.0,5.0,78.0,23.0,35.0,Happiness
268,31.0,Female,Whatsapp,65.0,2.0,27.0,10.0,20.0,Neutral
269,27.0,Male,Telegram,105.0,3.0,48.0,20.0,28.0,Anxiety
270,22.0,Non-binary,Snapchat,75.0,2.0,21.0,8.0,20.0,Sadness
271,24.0,Female,Instagram,140.0,4.0,65.0,22.0,30.0,Happiness
272,35.0,Male,Twitter,70.0,1.0,13.0,8.0,10.0,Boredom
273,21.0,Non-binary,Facebook,55.0,3.0,17.0,7.0,12.0,Neutral
274,29.0,Female,Whatsapp,90.0,2.0,24.0,12.0,22.0,Anger
275,25.0,Male,Telegram,80.0,4.0,30.0,13.0,25.0,Neutral
276,28.0,Non-binary,Snapchat,115.0,3.0,38.0,18.0,27.0,Anxiety
277,32.0,Female,Instagram,155.0,6.0,75.0,25.0,38.0,Happiness
278,26.0,Male,Twitter,75.0,2.0,23.0,12.0,18.0,Sadness
279,33.0,Non-binary,Facebook,65.0,1.0,13.0,7.0,14.0,Anxiety
280,27.0,Female,Whatsapp,90.0,4.0,37.0,18.0,20.0,Neutral
281,31.0,Male,Telegram,50.0,2.0,20.0,10.0,12.0,Sadness
282,24.0,Non-binary,Snapchat,85.0,3.0,33.0,20.0,18.0,Happiness
283,34.0,Female,Instagram,120.0,5.0,60.0,25.0,25.0,Anger
284,22.0,Male,Twitter,70.0,1.0,22.0,7.0,22.0,Neutral
285,29.0,Non-binary,Facebook,75.0,2.0,20.0,8.0,20.0,Boredom
286,28.0,Female,Whatsapp,100.0,4.0,37.0,14.0,26.0,Anxiety
287,31.0,Male,Telegram,85.0,3.0,45.0,20.0,28.0,Sadness
288,21.0,Non-binary,Snapchat,60.0,1.0,18.0,7.0,12.0,Neutral
289,25.0,Female,Instagram,170.0,6.0,83.0,30.0,33.0,Happiness
290,30.0,Male,Twitter,70.0,2.0,30.0,12.0,20.0,Anxiety
291,27.0,Non-binary,Facebook,50.0,1.0,10.0,4.0,10.0,Boredom
292,32.0,Female,Whatsapp,105.0,4.0,55.0,25.0,25.0,Anger
293,24.0,Male,Telegram,75.0,3.0,37.0,16.0,22.0,Neutral
294,29.0,Female,Snapchat,95.0,2.0,23.0,10.0,28.0,Sadness
295,26.0,Male,Instagram,150.0,5.0,70.0,25.0,30.0,Anxiety
296,33.0,Non-binary,Twitter,85.0,4.0,35.0,18.0,18.0,Boredom
297,22.0,Female,Facebook,70.0,1.0,14.0,6.0,10.0,Neutral
298,35.0,Male,Whatsapp,110.0,3.0,50.0,25.0,25.0,Happiness
299,28.0,Non-binary,Telegram,60.0,2.0,18.0,8.0,18.0,Anger
300,27.0,Female,Snapchat,120.0,4.0,40.0,18.0,22.0,Neutral
301,25.0,Female,Instagram,120.0,5.0,50.0,20.0,25.0,Happiness
302,30.0,Male,Twitter,90.0,4.0,30.0,20.0,22.0,Anger
303,22.0,Non-binary,Facebook,60.0,2.0,20.0,10.0,15.0,Neutral
304,28.0,Female,Instagram,200.0,8.0,110.0,40.0,45.0,Anxiety
305,33.0,Male,LinkedIn,45.0,1.0,10.0,5.0,12.0,Boredom
306,21.0,Male,Instagram,150.0,5.0,65.0,25.0,30.0,Happiness
307,27.0,Female,Twitter,85.0,3.0,40.0,18.0,20.0,Anger
308,24.0,Non-binary,Facebook,110.0,6.0,35.0,16.0,25.0,Sadness
309,29.0,Female,LinkedIn,55.0,2.0,15.0,5.0,10.0,Neutral
310,31.0,Male,Instagram,170.0,7.0,90.0,35.0,40.0,Happiness
311,23.0,Female,Twitter,75.0,4.0,45.0,20.0,25.0,Anxiety
312,26.0,Non-binary,Facebook,95.0,3.0,30.0,14.0,18.0,Sadness
313,34.0,Male,LinkedIn,65.0,1.0,14.0,6.0,15.0,Boredom
314,22.0,Female,Instagram,180.0,8.0,100.0,38.0,45.0,Happiness
315,28.0,Male,Twitter,100.0,6.0,50.0,30.0,29.0,Anger
316,21.0,Non-binary,Facebook,40.0,1.0,10.0,4.0,12.0,Neutral
317,35.0,Female,Instagram,125.0,5.0,65.0,22.0,28.0,Anxiety
318,27.0,Male,Twitter,90.0,3.0,40.0,16.0,24.0,Sadness
319,23.0,Non-binary,LinkedIn,50.0,1.0,12.0,6.0,12.0,Neutral
320,32.0,Female,Instagram,140.0,6.0,75.0,28.0,30.0,Happiness
321,26.0,Male,Facebook,75.0,2.0,30.0,14.0,20.0,Anxiety
322,24.0,Female,Twitter,105.0,4.0,35.0,20.0,23.0,Anger
323,29.0,Male,LinkedIn,60.0,2.0,17.0,8.0,15.0,Boredom
324,33.0,Non-binary,Instagram,190.0,8.0,105.0,36.0,50.0,Happiness
325,22.0,Female,Twitter,70.0,3.0,25.0,16.0,15.0,Sadness
326,31.0,Male,Facebook,80.0,2.0,20.0,10.0,20.0,Neutral
327,27.0,Non-binary,LinkedIn,55.0,1.0,12.0,5.0,11.0,Anxiety
328,25.0,Female,Instagram,160.0,6.0,85.0,26.0,30.0,Happiness
329,30.0,Male,Twitter,90.0,4.0,43.0,19.0,24.0,Anger
330,26.0,Non-binary,Facebook,45.0,1.0,8.0,4.0,12.0,Sadness
331,34.0,Female,LinkedIn,65.0,2.0,17.0,5.0,14.0,Boredom
332,28.0,Male,Instagram,145.0,7.0,80.0,30.0,35.0,Happiness
333,23.0,Non-binary,Twitter,70.0,3.0,30.0,14.0,18.0,Neutral
334,21.0,Female,Instagram,130.0,6.0,95.0,22.0,28.0,Sadness
335,29.0,Male,Facebook,65.0,2.0,27.0,11.0,22.0,Anxiety
336,24.0,Non-binary,LinkedIn,55.0,1.0,11.0,6.0,11.0,Boredom
337,33.0,Female,Instagram,170.0,7.0,95.0,30.0,38.0,Happiness
338,27.0,Male,Twitter,85.0,4.0,45.0,18.0,24.0,Anger
339,22.0,Female,Instagram,115.0,3.0,60.0,17.0,30.0,Neutral
340,28.0,Non-binary,Facebook,100.0,2.0,22.0,12.0,25.0,Anxiety
341,31.0,Male,LinkedIn,45.0,1.0,9.0,4.0,10.0,Sadness
342,25.0,Female,Instagram,150.0,6.0,90.0,26.0,30.0,Happiness
343,29.0,Male,Twitter,95.0,4.0,50.0,22.0,22.0,Anger
344,23.0,Non-binary,Facebook,105.0,2.0,25.0,12.0,18.0,Neutral
345,35.0,Female,LinkedIn,60.0,1.0,15.0,7.0,14.0,Boredom
346,30.0,Male,Instagram,175.0,7.0,100.0,33.0,38.0,Happiness
347,21.0,Female,Twitter,90.0,3.0,37.0,14.0,20.0,Sadness
348,26.0,Non-binary,Facebook,75.0,2.0,30.0,12.0,18.0,Anxiety
349,32.0,Male,Instagram,130.0,5.0,80.0,28.0,31.0,Neutral
350,28.0,Female,LinkedIn,55.0,1.0,12.0,6.0,10.0,Boredom
351,27.0,Male,Instagram,165.0,6.0,85.0,30.0,28.0,Happiness
352,24.0,Female,Twitter,75.0,3.0,33.0,18.0,19.0,Anger
353,29.0,Non-binary,Facebook,85.0,2.0,27.0,9.0,20.0,Neutral
354,33.0,Female,Instagram,145.0,4.0,65.0,23.0,35.0,Sadness
355,31.0,Male,LinkedIn,60.0,1.0,15.0,7.0,17.0,Anxiety
356,22.0,Female,Whatsapp,70.0,2.0,42.0,10.0,21.0,Anxiety
357,25.0,Male,Telegram,90.0,3.0,22.0,11.0,22.0,Boredom
358,29.0,Non-binary,Snapchat,50.0,2.0,18.0,7.0,18.0,Sadness
359,28.0,Female,Twitter,95.0,4.0,48.0,22.0,25.0,Happiness
360,27.0,Male,Facebook,60.0,1.0,12.0,5.0,15.0,Boredom
361,30.0,Female,Instagram,175.0,6.0,72.0,30.0,33.0,Happiness
362,23.0,Male,Whatsapp,70.0,3.0,22.0,10.0,18.0,Anger
363,34.0,Non-binary,Telegram,80.0,2.0,21.0,8.0,20.0,Neutral
364,26.0,Female,Snapchat,120.0,4.0,55.0,18.0,30.0,Anxiety
365,25.0,Male,Twitter,90.0,6.0,42.0,14.0,26.0,Sadness
366,29.0,Non-binary,Facebook,60.0,1.0,12.0,4.0,12.0,Boredom
367,28.0,Male,Instagram,165.0,5.0,78.0,23.0,35.0,Happiness
368,31.0,Female,Whatsapp,65.0,2.0,27.0,10.0,20.0,Neutral
369,27.0,Male,Telegram,105.0,3.0,48.0,20.0,28.0,Anxiety
370,22.0,Non-binary,Snapchat,75.0,2.0,21.0,8.0,20.0,Sadness
371,24.0,Female,Instagram,140.0,4.0,65.0,22.0,30.0,Happiness
372,35.0,Male,Twitter,70.0,1.0,13.0,8.0,10.0,Boredom
373,21.0,Non-binary,Facebook,55.0,3.0,17.0,7.0,12.0,Neutral
374,29.0,Female,Whatsapp,90.0,2.0,24.0,12.0,22.0,Anger
375,25.0,Male,Telegram,80.0,4.0,30.0,13.0,25.0,Neutral
376,28.0,Non-binary,Snapchat,115.0,3.0,38.0,18.0,27.0,Anxiety
377,32.0,Female,Instagram,155.0,6.0,75.0,25.0,38.0,Happiness
378,26.0,Male,Twitter,75.0,2.0,23.0,12.0,18.0,Sadness
379,33.0,Non-binary,Facebook,65.0,1.0,13.0,7.0,14.0,Anxiety
380,27.0,Female,Whatsapp,90.0,4.0,37.0,18.0,20.0,Neutral
381,31.0,Male,Telegram,50.0,2.0,20.0,10.0,12.0,Sadness
382,24.0,Non-binary,Snapchat,85.0,3.0,33.0,20.0,18.0,Happiness
383,34.0,Female,Instagram,120.0,5.0,60.0,25.0,25.0,Anger
384,22.0,Male,Twitter,70.0,1.0,22.0,7.0,22.0,Neutral
385,29.0,Non-binary,Facebook,75.0,2.0,20.0,8.0,20.0,Boredom
386,28.0,Female,Whatsapp,100.0,4.0,37.0,14.0,26.0,Anxiety
387,31.0,Male,Telegram,85.0,3.0,45.0,20.0,28.0,Sadness
388,21.0,Non-binary,Snapchat,60.0,1.0,18.0,7.0,12.0,Neutral
389,25.0,Female,Instagram,170.0,6.0,83.0,30.0,33.0,Happiness
390,30.0,Male,Twitter,70.0,2.0,30.0,12.0,20.0,Anxiety
391,27.0,Non-binary,Facebook,50.0,1.0,10.0,4.0,10.0,Boredom
392,32.0,Female,Whatsapp,105.0,4.0,55.0,25.0,25.0,Anger
393,24.0,Male,Telegram,75.0,3.0,37.0,16.0,22.0,Neutral
394,29.0,Female,Snapchat,95.0,2.0,23.0,10.0,28.0,Sadness
395,26.0,Male,Instagram,150.0,5.0,70.0,25.0,30.0,Anxiety
396,33.0,Non-binary,Twitter,85.0,4.0,35.0,18.0,18.0,Boredom
397,22.0,Female,Facebook,70.0,1.0,14.0,6.0,10.0,Neutral
398,35.0,Male,Whatsapp,110.0,3.0,50.0,25.0,25.0,Happiness
399,28.0,Non-binary,Telegram,60.0,2.0,18.0,8.0,18.0,Anger
400,27.0,Female,Snapchat,120.0,4.0,40.0,18.0,22.0,Neutral
401,25.0,Female,Instagram,120.0,5.0,50.0,20.0,25.0,Happiness
402,30.0,Male,Twitter,90.0,4.0,30.0,20.0,22.0,Anger
403,22.0,Non-binary,Facebook,60.0,2.0,20.0,10.0,15.0,Neutral
404,28.0,Female,Instagram,200.0,8.0,110.0,40.0,45.0,Anxiety
405,33.0,Male,LinkedIn,45.0,1.0,10.0,5.0,12.0,Boredom
406,21.0,Male,Instagram,150.0,5.0,65.0,25.0,30.0,Happiness
407,27.0,Female,Twitter,85.0,3.0,40.0,18.0,20.0,Anger
408,24.0,Non-binary,Facebook,110.0,6.0,35.0,16.0,25.0,Sadness
409,29.0,Female,LinkedIn,55.0,2.0,15.0,5.0,10.0,Neutral
410,31.0,Male,Instagram,170.0,7.0,90.0,35.0,40.0,Happiness
411,23.0,Female,Twitter,75.0,4.0,45.0,20.0,25.0,Anxiety
412,26.0,Non-binary,Facebook,95.0,3.0,30.0,14.0,18.0,Sadness
413,34.0,Male,LinkedIn,65.0,1.0,14.0,6.0,15.0,Boredom
414,22.0,Female,Instagram,180.0,8.0,100.0,38.0,45.0,Happiness
415,28.0,Male,Twitter,100.0,6.0,50.0,30.0,29.0,Anger
416,21.0,Non-binary,Facebook,40.0,1.0,10.0,4.0,12.0,Neutral
417,35.0,Female,Instagram,125.0,5.0,65.0,22.0,28.0,Anxiety
418,27.0,Male,Twitter,90.0,3.0,40.0,16.0,24.0,Sadness
419,23.0,Non-binary,LinkedIn,50.0,1.0,12.0,6.0,12.0,Neutral
420,32.0,Female,Instagram,140.0,6.0,75.0,28.0,30.0,Happiness
421,26.0,Male,Facebook,75.0,2.0,30.0,14.0,20.0,Anxiety
422,24.0,Female,Twitter,105.0,4.0,35.0,20.0,23.0,Anger
423,29.0,Male,LinkedIn,60.0,2.0,17.0,8.0,15.0,Boredom
424,33.0,Non-binary,Instagram,190.0,8.0,105.0,36.0,50.0,Happiness
425,22.0,Female,Twitter,70.0,3.0,25.0,16.0,15.0,Sadness
426,31.0,Male,Facebook,80.0,2.0,20.0,10.0,20.0,Neutral
427,27.0,Non-binary,LinkedIn,55.0,1.0,12.0,5.0,11.0,Anxiety
428,25.0,Female,Instagram,160.0,6.0,85.0,26.0,30.0,Happiness
429,30.0,Male,Twitter,90.0,4.0,43.0,19.0,24.0,Anger
430,26.0,Non-binary,Facebook,45.0,1.0,8.0,4.0,12.0,Sadness
431,34.0,Female,LinkedIn,65.0,2.0,17.0,5.0,14.0,Boredom
432,28.0,Male,Instagram,145.0,7.0,80.0,30.0,35.0,Happiness
433,23.0,Non-binary,Twitter,70.0,3.0,30.0,14.0,18.0,Neutral
434,21.0,Female,Instagram,130.0,6.0,95.0,22.0,28.0,Sadness
435,29.0,Male,Facebook,65.0,2.0,27.0,11.0,22.0,Anxiety
436,24.0,Non-binary,LinkedIn,55.0,1.0,11.0,6.0,11.0,Boredom
437,33.0,Female,Instagram,170.0,7.0,95.0,30.0,38.0,Happiness
438,27.0,Male,Twitter,85.0,4.0,45.0,18.0,24.0,Anger
439,22.0,Female,Instagram,115.0,3.0,60.0,17.0,30.0,Neutral
440,28.0,Non-binary,Facebook,100.0,2.0,22.0,12.0,25.0,Anxiety
441,31.0,Male,LinkedIn,45.0,1.0,9.0,4.0,10.0,Sadness
442,25.0,Female,Instagram,150.0,6.0,90.0,26.0,30.0,Happiness
443,29.0,Male,Twitter,95.0,4.0,50.0,22.0,22.0,Anger
444,23.0,Non-binary,Facebook,105.0,2.0,25.0,12.0,18.0,Neutral
445,35.0,Female,LinkedIn,60.0,1.0,15.0,7.0,14.0,Boredom
446,30.0,Male,Instagram,175.0,7.0,100.0,33.0,38.0,Happiness
447,21.0,Female,Twitter,90.0,3.0,37.0,14.0,20.0,Sadness
448,26.0,Non-binary,Facebook,75.0,2.0,30.0,12.0,18.0,Anxiety
449,32.0,Male,Instagram,130.0,5.0,80.0,28.0,31.0,Neutral
450,28.0,Female,LinkedIn,55.0,1.0,12.0,6.0,10.0,Boredom
451,27.0,Male,Instagram,165.0,6.0,85.0,30.0,28.0,Happiness
452,24.0,Female,Twitter,75.0,3.0,33.0,18.0,19.0,Anger
453,29.0,Non-binary,Facebook,85.0,2.0,27.0,9.0,20.0,Neutral
454,33.0,Female,Instagram,145.0,4.0,65.0,23.0,35.0,Sadness
455,31.0,Male,LinkedIn,60.0,1.0,15.0,7.0,17.0,Anxiety
456,22.0,Female,Whatsapp,70.0,2.0,42.0,10.0,21.0,Anxiety
457,25.0,Male,Telegram,90.0,3.0,22.0,11.0,22.0,Boredom
458,29.0,Non-binary,Snapchat,50.0,2.0,18.0,7.0,18.0,Sadness
459,28.0,Female,Twitter,95.0,4.0,48.0,22.0,25.0,Happiness
460,27.0,Male,Facebook,60.0,1.0,12.0,5.0,15.0,Boredom
461,30.0,Female,Instagram,175.0,6.0,72.0,30.0,33.0,Happiness
462,23.0,Male,Whatsapp,70.0,3.0,22.0,10.0,18.0,Anger
463,34.0,Non-binary,Telegram,80.0,2.0,21.0,8.0,20.0,Neutral
464,26.0,Female,Snapchat,120.0,4.0,55.0,18.0,30.0,Anxiety
465,25.0,Male,Twitter,90.0,6.0,42.0,14.0,26.0,Sadness
466,29.0,Non-binary,Facebook,60.0,1.0,12.0,4.0,12.0,Boredom
467,28.0,Male,Instagram,165.0,5.0,78.0,23.0,35.0,Happiness
468,31.0,Female,Whatsapp,65.0,2.0,27.0,10.0,20.0,Neutral
469,27.0,Male,Telegram,105.0,3.0,48.0,20.0,28.0,Anxiety
470,22.0,Non-binary,Snapchat,75.0,2.0,21.0,8.0,20.0,Sadness
471,24.0,Female,Instagram,140.0,4.0,65.0,22.0,30.0,Happiness
472,35.0,Male,Twitter,70.0,1.0,13.0,8.0,10.0,Boredom
473,21.0,Non-binary,Facebook,55.0,3.0,17.0,7.0,12.0,Neutral
474,29.0,Female,Whatsapp,90.0,2.0,24.0,12.0,22.0,Anger
475,25.0,Male,Telegram,80.0,4.0,30.0,13.0,25.0,Neutral
476,28.0,Non-binary,Snapchat,115.0,3.0,38.0,18.0,27.0,Anxiety
477,32.0,Female,Instagram,155.0,6.0,75.0,25.0,38.0,Happiness
478,26.0,Male,Twitter,75.0,2.0,23.0,12.0,18.0,Sadness
479,33.0,Non-binary,Facebook,65.0,1.0,13.0,7.0,14.0,Anxiety
480,27.0,Female,Whatsapp,90.0,4.0,37.0,18.0,20.0,Neutral
481,31.0,Male,Telegram,50.0,2.0,20.0,10.0,12.0,Sadness
482,24.0,Non-binary,Snapchat,85.0,3.0,33.0,20.0,18.0,Happiness
483,34.0,Female,Instagram,120.0,5.0,60.0,25.0,25.0,Anger
484,22.0,Male,Twitter,70.0,1.0,22.0,7.0,22.0,Neutral
485,29.0,Non-binary,Facebook,75.0,2.0,20.0,8.0,20.0,Boredom
486,28.0,Female,Whatsapp,100.0,4.0,37.0,14.0,26.0,Anxiety
487,31.0,Male,Telegram,85.0,3.0,45.0,20.0,28.0,Sadness
488,21.0,Non-binary,Snapchat,60.0,1.0,18.0,7.0,12.0,Neutral
489,25.0,Female,Instagram,170.0,6.0,83.0,30.0,33.0,Happiness
490,30.0,Male,Twitter,70.0,2.0,30.0,12.0,20.0,Anxiety
491,27.0,Non-binary,Facebook,50.0,1.0,10.0,4.0,10.0,Boredom
492,32.0,Female,Whatsapp,105.0,4.0,55.0,25.0,25.0,Anger
493,24.0,Male,Telegram,75.0,3.0,37.0,16.0,22.0,Neutral
494,29.0,Female,Snapchat,95.0,2.0,23.0,10.0,28.0,Sadness
495,26.0,Male,Instagram,150.0,5.0,70.0,25.0,30.0,Anxiety
496,33.0,Non-binary,Twitter,85.0,4.0,35.0,18.0,18.0,Boredom
497,22.0,Female,Facebook,70.0,1.0,14.0,6.0,10.0,Neutral
498,35.0,Male,Whatsapp,110.0,3.0,50.0,25.0,25.0,Happiness
499,28.0,Non-binary,Telegram,60.0,2.0,18.0,8.0,18.0,Anger
500,27.0,Female,Snapchat,120.0,4.0,40.0,18.0,22.0,Neutral
501,25.0,Female,Instagram,120.0,5.0,50.0,20.0,25.0,Happiness
502,30.0,Male,Twitter,90.0,4.0,30.0,20.0,22.0,Anger
503,22.0,Non-binary,Facebook,60.0,2.0,20.0,10.0,15.0,Neutral
504,28.0,Female,Instagram,200.0,8.0,110.0,40.0,45.0,Anxiety
505,33.0,Male,LinkedIn,45.0,1.0,10.0,5.0,12.0,Boredom
506,21.0,Male,Instagram,150.0,5.0,65.0,25.0,30.0,Happiness
507,27.0,Female,Twitter,85.0,3.0,40.0,18.0,20.0,Anger
508,24.0,Non-binary,Facebook,110.0,6.0,35.0,16.0,25.0,Sadness
509,29.0,Female,LinkedIn,55.0,2.0,15.0,5.0,10.0,Neutral
510,31.0,Male,Instagram,170.0,7.0,90.0,35.0,40.0,Happiness
511,23.0,Female,Twitter,75.0,4.0,45.0,20.0,25.0,Anxiety
512,26.0,Non-binary,Facebook,95.0,3.0,30.0,14.0,18.0,Sadness
513,34.0,Male,LinkedIn,65.0,1.0,14.0,6.0,15.0,Boredom
514,22.0,Female,Instagram,180.0,8.0,100.0,38.0,45.0,Happiness
515,28.0,Male,Twitter,100.0,6.0,50.0,30.0,29.0,Anger
516,21.0,Non-binary,Facebook,40.0,1.0,10.0,4.0,12.0,Neutral
517,35.0,Female,Instagram,125.0,5.0,65.0,22.0,28.0,Anxiety
518,27.0,Male,Twitter,90.0,3.0,40.0,16.0,24.0,Sadness
519,23.0,Non-binary,LinkedIn,50.0,1.0,12.0,6.0,12.0,Neutral
520,32.0,Female,Instagram,140.0,6.0,75.0,28.0,30.0,Happiness
521,26.0,Male,Facebook,75.0,2.0,30.0,14.0,20.0,Anxiety
522,24.0,Female,Twitter,105.0,4.0,35.0,20.0,23.0,Anger
523,29.0,Male,LinkedIn,60.0,2.0,17.0,8.0,15.0,Boredom
524,33.0,Non-binary,Instagram,190.0,8.0,105.0,36.0,50.0,Happiness
525,22.0,Female,Twitter,70.0,3.0,25.0,16.0,15.0,Sadness
526,31.0,Male,Facebook,80.0,2.0,20.0,10.0,20.0,Neutral
527,27.0,Non-binary,LinkedIn,55.0,1.0,12.0,5.0,11.0,Anxiety
528,25.0,Female,Instagram,160.0,6.0,85.0,26.0,30.0,Happiness
529,30.0,Male,Twitter,90.0,4.0,43.0,19.0,24.0,Anger
530,26.0,Non-binary,Facebook,45.0,1.0,8.0,4.0,12.0,Sadness
531,34.0,Female,LinkedIn,65.0,2.0,17.0,5.0,14.0,Boredom
532,28.0,Male,Instagram,145.0,7.0,80.0,30.0,35.0,Happiness
533,23.0,Non-binary,Twitter,70.0,3.0,30.0,14.0,18.0,Neutral
534,21.0,Female,Instagram,130.0,6.0,95.0,22.0,28.0,Sadness
535,29.0,Male,Facebook,65.0,2.0,27.0,11.0,22.0,Anxiety
536,24.0,Non-binary,LinkedIn,55.0,1.0,11.0,6.0,11.0,Boredom
537,33.0,Female,Instagram,170.0,7.0,95.0,30.0,38.0,Happiness
538,27.0,Male,Twitter,85.0,4.0,45.0,18.0,24.0,Anger
539,22.0,Female,Instagram,115.0,3.0,60.0,17.0,30.0,Neutral
540,28.0,Non-binary,Facebook,100.0,2.0,22.0,12.0,25.0,Anxiety
541,31.0,Male,LinkedIn,45.0,1.0,9.0,4.0,10.0,Sadness
542,25.0,Female,Instagram,150.0,6.0,90.0,26.0,30.0,Happiness
543,29.0,Male,Twitter,95.0,4.0,50.0,22.0,22.0,Anger
544,23.0,Non-binary,Facebook,105.0,2.0,25.0,12.0,18.0,Neutral
545,35.0,Female,LinkedIn,60.0,1.0,15.0,7.0,14.0,Boredom
546,30.0,Male,Instagram,175.0,7.0,100.0,33.0,38.0,Happiness
547,21.0,Female,Twitter,90.0,3.0,37.0,14.0,20.0,Sadness
548,26.0,Non-binary,Facebook,75.0,2.0,30.0,12.0,18.0,Anxiety
549,32.0,Male,Instagram,130.0,5.0,80.0,28.0,31.0,Neutral
550,28.0,Female,LinkedIn,55.0,1.0,12.0,6.0,10.0,Boredom
551,27.0,Male,Instagram,165.0,6.0,85.0,30.0,28.0,Happiness
552,24.0,Female,Twitter,75.0,3.0,33.0,18.0,19.0,Anger
553,29.0,Non-binary,Facebook,85.0,2.0,27.0,9.0,20.0,Neutral
554,33.0,Female,Instagram,145.0,4.0,65.0,23.0,35.0,Sadness
555,31.0,Male,LinkedIn,60.0,1.0,15.0,7.0,17.0,Anxiety
556,22.0,Female,Whatsapp,70.0,2.0,42.0,10.0,21.0,Anxiety
557,25.0,Male,Telegram,90.0,3.0,22.0,11.0,22.0,Boredom
558,29.0,Non-binary,Snapchat,50.0,2.0,18.0,7.0,18.0,Sadness
559,28.0,Female,Twitter,95.0,4.0,48.0,22.0,25.0,Happiness
560,27.0,Male,Facebook,60.0,1.0,12.0,5.0,15.0,Boredom
561,30.0,Female,Instagram,175.0,6.0,72.0,30.0,33.0,Happiness
562,23.0,Male,Whatsapp,70.0,3.0,22.0,10.0,18.0,Anger
563,34.0,Non-binary,Telegram,80.0,2.0,21.0,8.0,20.0,Neutral
564,26.0,Female,Snapchat,120.0,4.0,55.0,18.0,30.0,Anxiety
565,25.0,Male,Twitter,90.0,6.0,42.0,14.0,26.0,Sadness
566,29.0,Non-binary,Facebook,60.0,1.0,12.0,4.0,12.0,Boredom
567,28.0,Male,Instagram,165.0,5.0,78.0,23.0,35.0,Happiness
568,31.0,Female,Whatsapp,65.0,2.0,27.0,10.0,20.0,Neutral
569,27.0,Male,Telegram,105.0,3.0,48.0,20.0,28.0,Anxiety
570,22.0,Non-binary,Snapchat,75.0,2.0,21.0,8.0,20.0,Sadness
571,24.0,Female,Instagram,140.0,4.0,65.0,22.0,30.0,Happiness
572,35.0,Male,Twitter,70.0,1.0,13.0,8.0,10.0,Boredom
573,21.0,Non-binary,Facebook,55.0,3.0,17.0,7.0,12.0,Neutral
574,29.0,Female,Whatsapp,90.0,2.0,24.0,12.0,22.0,Anger
575,25.0,Male,Telegram,80.0,4.0,30.0,13.0,25.0,Neutral
576,28.0,Non-binary,Snapchat,115.0,3.0,38.0,18.0,27.0,Anxiety
577,32.0,Female,Instagram,155.0,6.0,75.0,25.0,38.0,Happiness
578,26.0,Male,Twitter,75.0,2.0,23.0,12.0,18.0,Sadness
579,33.0,Non-binary,Facebook,65.0,1.0,13.0,7.0,14.0,Anxiety
580,27.0,Female,Whatsapp,90.0,4.0,37.0,18.0,20.0,Neutral
581,31.0,Male,Telegram,50.0,2.0,20.0,10.0,12.0,Sadness
582,24.0,Non-binary,Snapchat,85.0,3.0,33.0,20.0,18.0,Happiness
583,34.0,Female,Instagram,120.0,5.0,60.0,25.0,25.0,Anger
584,22.0,Male,Twitter,70.0,1.0,22.0,7.0,22.0,Neutral
585,29.0,Non-binary,Facebook,75.0,2.0,20.0,8.0,20.0,Boredom
586,28.0,Female,Whatsapp,100.0,4.0,37.0,14.0,26.0,Anxiety
587,31.0,Male,Telegram,85.0,3.0,45.0,20.0,28.0,Sadness
588,21.0,Non-binary,Snapchat,60.0,1.0,18.0,7.0,12.0,Neutral
589,25.0,Female,Instagram,170.0,6.0,83.0,30.0,33.0,Happiness
590,30.0,Male,Twitter,70.0,2.0,30.0,12.0,20.0,Anxiety
591,27.0,Non-binary,Facebook,50.0,1.0,10.0,4.0,10.0,Boredom
592,32.0,Female,Whatsapp,105.0,4.0,55.0,25.0,25.0,Anger
593,24.0,Male,Telegram,75.0,3.0,37.0,16.0,22.0,Neutral
594,29.0,Female,Snapchat,95.0,2.0,23.0,10.0,28.0,Sadness
595,26.0,Male,Instagram,150.0,5.0,70.0,25.0,30.0,Anxiety
596,33.0,Non-binary,Twitter,85.0,4.0,35.0,18.0,18.0,Boredom
597,22.0,Female,Facebook,70.0,1.0,14.0,6.0,10.0,Neutral
598,35.0,Male,Whatsapp,110.0,3.0,50.0,25.0,25.0,Happiness
599,28.0,Non-binary,Telegram,60.0,2.0,18.0,8.0,18.0,Anger
600,27.0,Female,Snapchat,120.0,4.0,40.0,18.0,22.0,Neutral
601,25.0,Female,Instagram,120.0,5.0,50.0,20.0,25.0,Happiness
602,30.0,Male,Twitter,90.0,4.0,30.0,20.0,22.0,Anger
603,22.0,Non-binary,Facebook,60.0,2.0,20.0,10.0,15.0,Neutral
604,28.0,Female,Instagram,200.0,8.0,110.0,40.0,45.0,Anxiety
605,33.0,Male,LinkedIn,45.0,1.0,10.0,5.0,12.0,Boredom
606,21.0,Male,Instagram,150.0,5.0,65.0,25.0,30.0,Happiness
607,27.0,Female,Twitter,85.0,3.0,40.0,18.0,20.0,Anger
608,24.0,Non-binary,Facebook,110.0,6.0,35.0,16.0,25.0,Sadness
609,29.0,Female,LinkedIn,55.0,2.0,15.0,5.0,10.0,Neutral
610,31.0,Male,Instagram,170.0,7.0,90.0,35.0,40.0,Happiness
611,23.0,Female,Twitter,75.0,4.0,45.0,20.0,25.0,Anxiety
612,26.0,Non-binary,Facebook,95.0,3.0,30.0,14.0,18.0,Sadness
613,34.0,Male,LinkedIn,65.0,1.0,14.0,6.0,15.0,Boredom
614,22.0,Female,Instagram,180.0,8.0,100.0,38.0,45.0,Happiness
615,28.0,Male,Twitter,100.0,6.0,50.0,30.0,29.0,Anger
616,21.0,Non-binary,Facebook,40.0,1.0,10.0,4.0,12.0,Neutral
617,35.0,Female,Instagram,125.0,5.0,65.0,22.0,28.0,Anxiety
618,27.0,Male,Twitter,90.0,3.0,40.0,16.0,24.0,Sadness
619,23.0,Non-binary,LinkedIn,50.0,1.0,12.0,6.0,12.0,Neutral
620,32.0,Female,Instagram,140.0,6.0,75.0,28.0,30.0,Happiness
621,26.0,Male,Facebook,75.0,2.0,30.0,14.0,20.0,Anxiety
622,24.0,Female,Twitter,105.0,4.0,35.0,20.0,23.0,Anger
623,29.0,Male,LinkedIn,60.0,2.0,17.0,8.0,15.0,Boredom
624,33.0,Non-binary,Instagram,190.0,8.0,105.0,36.0,50.0,Happiness
625,22.0,Female,Twitter,70.0,3.0,25.0,16.0,15.0,Sadness
626,31.0,Male,Facebook,80.0,2.0,20.0,10.0,20.0,Neutral
627,27.0,Non-binary,LinkedIn,55.0,1.0,12.0,5.0,11.0,Anxiety
628,25.0,Female,Instagram,160.0,6.0,85.0,26.0,30.0,Happiness
629,30.0,Male,Twitter,90.0,4.0,43.0,19.0,24.0,Anger
630,26.0,Non-binary,Facebook,45.0,1.0,8.0,4.0,12.0,Sadness
631,34.0,Female,LinkedIn,65.0,2.0,17.0,5.0,14.0,Boredom
632,28.0,Male,Instagram,145.0,7.0,80.0,30.0,35.0,Happiness
633,23.0,Non-binary,Twitter,70.0,3.0,30.0,14.0,18.0,Neutral
634,21.0,Female,Instagram,130.0,6.0,95.0,22.0,28.0,Sadness
635,29.0,Male,Facebook,65.0,2.0,27.0,11.0,22.0,Anxiety
636,24.0,Non-binary,LinkedIn,55.0,1.0,11.0,6.0,11.0,Boredom
637,33.0,Female,Instagram,170.0,7.0,95.0,30.0,38.0,Happiness
638,27.0,Male,Twitter,85.0,4.0,45.0,18.0,24.0,Anger
639,22.0,Female,Instagram,115.0,3.0,60.0,17.0,30.0,Neutral
640,28.0,Non-binary,Facebook,100.0,2.0,22.0,12.0,25.0,Anxiety
641,31.0,Male,LinkedIn,45.0,1.0,9.0,4.0,10.0,Sadness
642,25.0,Female,Instagram,150.0,6.0,90.0,26.0,30.0,Happiness
643,29.0,Male,Twitter,95.0,4.0,50.0,22.0,22.0,Anger
644,23.0,Non-binary,Facebook,105.0,2.0,25.0,12.0,18.0,Neutral
645,35.0,Female,LinkedIn,60.0,1.0,15.0,7.0,14.0,Boredom
646,30.0,Male,Instagram,175.0,7.0,100.0,33.0,38.0,Happiness
647,21.0,Female,Twitter,90.0,3.0,37.0,14.0,20.0,Sadness
648,26.0,Non-binary,Facebook,75.0,2.0,30.0,12.0,18.0,Anxiety
649,32.0,Male,Instagram,130.0,5.0,80.0,28.0,31.0,Neutral
650,28.0,Female,LinkedIn,55.0,1.0,12.0,6.0,10.0,Boredom
651,27.0,Male,Instagram,165.0,6.0,85.0,30.0,28.0,Happiness
652,24.0,Female,Twitter,75.0,3.0,33.0,18.0,19.0,Anger
653,29.0,Non-binary,Facebook,85.0,2.0,27.0,9.0,20.0,Neutral
654,33.0,Female,Instagram,145.0,4.0,65.0,23.0,35.0,Sadness
655,31.0,Male,LinkedIn,60.0,1.0,15.0,7.0,17.0,Anxiety
656,22.0,Female,Whatsapp,70.0,2.0,42.0,10.0,21.0,Anxiety
657,25.0,Male,Telegram,90.0,3.0,22.0,11.0,22.0,Boredom
658,29.0,Non-binary,Snapchat,50.0,2.0,18.0,7.0,18.0,Sadness
659,28.0,Female,Twitter,95.0,4.0,48.0,22.0,25.0,Happiness
660,27.0,Male,Facebook,60.0,1.0,12.0,5.0,15.0,Boredom
661,30.0,Female,Instagram,175.0,6.0,72.0,30.0,33.0,Happiness
662,23.0,Male,Whatsapp,70.0,3.0,22.0,10.0,18.0,Anger
663,34.0,Non-binary,Telegram,80.0,2.0,21.0,8.0,20.0,Neutral
664,26.0,Female,Snapchat,120.0,4.0,55.0,18.0,30.0,Anxiety
665,25.0,Male,Twitter,90.0,6.0,42.0,14.0,26.0,Sadness
666,29.0,Non-binary,Facebook,60.0,1.0,12.0,4.0,12.0,Boredom
667,28.0,Male,Instagram,165.0,5.0,78.0,23.0,35.0,Happiness
668,31.0,Female,Whatsapp,65.0,2.0,27.0,10.0,20.0,Neutral
669,27.0,Male,Telegram,105.0,3.0,48.0,20.0,28.0,Anxiety
670,22.0,Non-binary,Snapchat,75.0,2.0,21.0,8.0,20.0,Sadness
671,24.0,Female,Instagram,140.0,4.0,65.0,22.0,30.0,Happiness
672,35.0,Male,Twitter,70.0,1.0,13.0,8.0,10.0,Boredom
673,21.0,Non-binary,Facebook,55.0,3.0,17.0,7.0,12.0,Neutral
674,29.0,Female,Whatsapp,90.0,2.0,24.0,12.0,22.0,Anger
675,25.0,Male,Telegram,80.0,4.0,30.0,13.0,25.0,Neutral
676,28.0,Non-binary,Snapchat,115.0,3.0,38.0,18.0,27.0,Anxiety
677,32.0,Female,Instagram,155.0,6.0,75.0,25.0,38.0,Happiness
678,26.0,Male,Twitter,75.0,2.0,23.0,12.0,18.0,Sadness
679,33.0,Non-binary,Facebook,65.0,1.0,13.0,7.0,14.0,Anxiety
680,27.0,Female,Whatsapp,90.0,4.0,37.0,18.0,20.0,Neutral
681,31.0,Male,Telegram,50.0,2.0,20.0,10.0,12.0,Sadness
682,24.0,Non-binary,Snapchat,85.0,3.0,33.0,20.0,18.0,Happiness
683,34.0,Female,Instagram,120.0,5.0,60.0,25.0,25.0,Anger
684,22.0,Male,Twitter,70.0,1.0,22.0,7.0,22.0,Neutral
685,29.0,Non-binary,Facebook,75.0,2.0,20.0,8.0,20.0,Boredom
686,28.0,Female,Whatsapp,100.0,4.0,37.0,14.0,26.0,Anxiety
687,31.0,Male,Telegram,85.0,3.0,45.0,20.0,28.0,Sadness
688,21.0,Non-binary,Snapchat,60.0,1.0,18.0,7.0,12.0,Neutral
689,25.0,Female,Instagram,170.0,6.0,83.0,30.0,33.0,Happiness
690,30.0,Male,Twitter,70.0,2.0,30.0,12.0,20.0,Anxiety
691,27.0,Non-binary,Facebook,50.0,1.0,10.0,4.0,10.0,Boredom
692,32.0,Female,Whatsapp,105.0,4.0,55.0,25.0,25.0,Anger
693,24.0,Male,Telegram,75.0,3.0,37.0,16.0,22.0,Neutral
694,29.0,Female,Snapchat,95.0,2.0,23.0,10.0,28.0,Sadness
695,26.0,Male,Instagram,150.0,5.0,70.0,25.0,30.0,Anxiety
696,33.0,Non-binary,Twitter,85.0,4.0,35.0,18.0,18.0,Boredom
697,22.0,Female,Facebook,70.0,1.0,14.0,6.0,10.0,Neutral
698,35.0,Male,Whatsapp,110.0,3.0,50.0,25.0,25.0,Happiness
699,28.0,Non-binary,Telegram,60.0,2.0,18.0,8.0,18.0,Anger
700,27.0,Female,Snapchat,120.0,4.0,40.0,18.0,22.0,Neutral
701,25.0,Female,Instagram,120.0,5.0,50.0,20.0,25.0,Happiness
702,30.0,Male,Twitter,90.0,4.0,30.0,20.0,22.0,Anger
703,22.0,Non-binary,Facebook,60.0,2.0,20.0,10.0,15.0,Neutral
704,28.0,Female,Instagram,200.0,8.0,110.0,40.0,45.0,Anxiety
705,33.0,Male,LinkedIn,45.0,1.0,10.0,5.0,12.0,Boredom
706,21.0,Male,Instagram,150.0,5.0,65.0,25.0,30.0,Happiness
707,27.0,Female,Twitter,85.0,3.0,40.0,18.0,20.0,Anger
708,24.0,Non-binary,Facebook,110.0,6.0,35.0,16.0,25.0,Sadness
709,29.0,Female,LinkedIn,55.0,2.0,15.0,5.0,10.0,Neutral
710,31.0,Male,Instagram,170.0,7.0,90.0,35.0,40.0,Happiness
711,23.0,Female,Twitter,75.0,4.0,45.0,20.0,25.0,Anxiety
712,26.0,Non-binary,Facebook,95.0,3.0,30.0,14.0,18.0,Sadness
713,34.0,Male,LinkedIn,65.0,1.0,14.0,6.0,15.0,Boredom
714,22.0,Female,Instagram,180.0,8.0,100.0,38.0,45.0,Happiness
715,28.0,Male,Twitter,100.0,6.0,50.0,30.0,29.0,Anger
716,21.0,Non-binary,Facebook,40.0,1.0,10.0,4.0,12.0,Neutral
717,35.0,Female,Instagram,125.0,5.0,65.0,22.0,28.0,Anxiety
718,27.0,Male,Twitter,90.0,3.0,40.0,16.0,24.0,Sadness
719,23.0,Non-binary,LinkedIn,50.0,1.0,12.0,6.0,12.0,Neutral
720,32.0,Female,Instagram,140.0,6.0,75.0,28.0,30.0,Happiness
721,26.0,Male,Facebook,75.0,2.0,30.0,14.0,20.0,Anxiety
722,24.0,Female,Twitter,105.0,4.0,35.0,20.0,23.0,Anger
723,29.0,Male,LinkedIn,60.0,2.0,17.0,8.0,15.0,Boredom
724,33.0,Non-binary,Instagram,190.0,8.0,105.0,36.0,50.0,Happiness
725,22.0,Female,Twitter,70.0,3.0,25.0,16.0,15.0,Sadness
726,31.0,Male,Facebook,80.0,2.0,20.0,10.0,20.0,Neutral
727,27.0,Non-binary,LinkedIn,55.0,1.0,12.0,5.0,11.0,Anxiety
728,25.0,Female,Instagram,160.0,6.0,85.0,26.0,30.0,Happiness
729,30.0,Male,Twitter,90.0,4.0,43.0,19.0,24.0,Anger
730,26.0,Non-binary,Facebook,45.0,1.0,8.0,4.0,12.0,Sadness
731,34.0,Female,LinkedIn,65.0,2.0,17.0,5.0,14.0,Boredom
732,28.0,Male,Instagram,145.0,7.0,80.0,30.0,35.0,Happiness
733,23.0,Non-binary,Twitter,70.0,3.0,30.0,14.0,18.0,Neutral
734,21.0,Female,Instagram,130.0,6.0,95.0,22.0,28.0,Sadness
735,29.0,Male,Facebook,65.0,2.0,27.0,11.0,22.0,Anxiety
736,24.0,Non-binary,LinkedIn,55.0,1.0,11.0,6.0,11.0,Boredom
737,33.0,Female,Instagram,170.0,7.0,95.0,30.0,38.0,Happiness
738,27.0,Male,Twitter,85.0,4.0,45.0,18.0,24.0,Anger
739,22.0,Female,Instagram,115.0,3.0,60.0,17.0,30.0,Neutral
740,28.0,Non-binary,Facebook,100.0,2.0,22.0,12.0,25.0,Anxiety
741,31.0,Male,LinkedIn,45.0,1.0,9.0,4.0,10.0,Sadness
742,25.0,Female,Instagram,150.0,6.0,90.0,26.0,30.0,Happiness
743,29.0,Male,Twitter,95.0,4.0,50.0,22.0,22.0,Anger
744,23.0,Non-binary,Facebook,105.0,2.0,25.0,12.0,18.0,Neutral
745,35.0,Female,LinkedIn,60.0,1.0,15.0,7.0,14.0,Boredom
746,30.0,Male,Instagram,175.0,7.0,100.0,33.0,38.0,Happiness
747,21.0,Female,Twitter,90.0,3.0,37.0,14.0,20.0,Sadness
748,26.0,Non-binary,Facebook,75.0,2.0,30.0,12.0,18.0,Anxiety
749,32.0,Male,Instagram,130.0,5.0,80.0,28.0,31.0,Neutral
750,28.0,Female,LinkedIn,55.0,1.0,12.0,6.0,10.0,Boredom
751,27.0,Male,Instagram,165.0,6.0,85.0,30.0,28.0,Happiness
752,24.0,Female,Twitter,75.0,3.0,33.0,18.0,19.0,Anger
753,29.0,Non-binary,Facebook,85.0,2.0,27.0,9.0,20.0,Neutral
754,33.0,Female,Instagram,145.0,4.0,65.0,23.0,35.0,Sadness
755,31.0,Male,LinkedIn,60.0,1.0,15.0,7.0,17.0,Anxiety
756,22.0,Female,Whatsapp,70.0,2.0,42.0,10.0,21.0,Anxiety
757,25.0,Male,Telegram,90.0,3.0,22.0,11.0,22.0,Boredom
758,29.0,Non-binary,Snapchat,50.0,2.0,18.0,7.0,18.0,Sadness
759,28.0,Female,Twitter,95.0,4.0,48.0,22.0,25.0,Happiness
760,27.0,Male,Facebook,60.0,1.0,12.0,5.0,15.0,Boredom
761,30.0,Female,Instagram,175.0,6.0,72.0,30.0,33.0,Happiness
762,23.0,Male,Whatsapp,70.0,3.0,22.0,10.0,18.0,Anger
763,34.0,Non-binary,Telegram,80.0,2.0,21.0,8.0,20.0,Neutral
764,26.0,Female,Snapchat,120.0,4.0,55.0,18.0,30.0,Anxiety
765,25.0,Male,Twitter,90.0,6.0,42.0,14.0,26.0,Sadness
766,29.0,Non-binary,Facebook,60.0,1.0,12.0,4.0,12.0,Boredom
767,28.0,Male,Instagram,165.0,5.0,78.0,23.0,35.0,Happiness
768,31.0,Female,Whatsapp,65.0,2.0,27.0,10.0,20.0,Neutral
769,27.0,Male,Telegram,105.0,3.0,48.0,20.0,28.0,Anxiety
770,22.0,Non-binary,Snapchat,75.0,2.0,21.0,8.0,20.0,Sadness
771,24.0,Female,Instagram,140.0,4.0,65.0,22.0,30.0,Happiness
772,35.0,Male,Twitter,70.0,1.0,13.0,8.0,10.0,Boredom
773,21.0,Non-binary,Facebook,55.0,3.0,17.0,7.0,12.0,Neutral
774,29.0,Female,Whatsapp,90.0,2.0,24.0,12.0,22.0,Anger
775,25.0,Male,Telegram,80.0,4.0,30.0,13.0,25.0,Neutral
776,28.0,Non-binary,Snapchat,115.0,3.0,38.0,18.0,27.0,Anxiety
777,32.0,Female,Instagram,155.0,6.0,75.0,25.0,38.0,Happiness
778,26.0,Male,Twitter,75.0,2.0,23.0,12.0,18.0,Sadness
779,33.0,Non-binary,Facebook,65.0,1.0,13.0,7.0,14.0,Anxiety
780,27.0,Female,Whatsapp,90.0,4.0,37.0,18.0,20.0,Neutral
781,31.0,Male,Telegram,50.0,2.0,20.0,10.0,12.0,Sadness
782,24.0,Non-binary,Snapchat,85.0,3.0,33.0,20.0,18.0,Happiness
783,34.0,Female,Instagram,120.0,5.0,60.0,25.0,25.0,Anger
784,22.0,Male,Twitter,70.0,1.0,22.0,7.0,22.0,Neutral
785,29.0,Non-binary,Facebook,75.0,2.0,20.0,8.0,20.0,Boredom
786,28.0,Female,Whatsapp,100.0,4.0,37.0,14.0,26.0,Anxiety
787,31.0,Male,Telegram,85.0,3.0,45.0,20.0,28.0,Sadness
788,21.0,Non-binary,Snapchat,60.0,1.0,18.0,7.0,12.0,Neutral
789,25.0,Female,Instagram,170.0,6.0,83.0,30.0,33.0,Happiness
790,30.0,Male,Twitter,70.0,2.0,30.0,12.0,20.0,Anxiety
791,27.0,Non-binary,Facebook,50.0,1.0,10.0,4.0,10.0,Boredom
792,32.0,Female,Whatsapp,105.0,4.0,55.0,25.0,25.0,Anger
793,24.0,Male,Telegram,75.0,3.0,37.0,16.0,22.0,Neutral
794,29.0,Female,Snapchat,95.0,2.0,23.0,10.0,28.0,Sadness
795,26.0,Male,Instagram,150.0,5.0,70.0,25.0,30.0,Anxiety
796,33.0,Non-binary,Twitter,85.0,4.0,35.0,18.0,18.0,Boredom
797,22.0,Female,Facebook,70.0,1.0,14.0,6.0,10.0,Neutral
798,35.0,Male,Whatsapp,110.0,3.0,50.0,25.0,25.0,Happiness
799,28.0,Non-binary,Telegram,60.0,2.0,18.0,8.0,18.0,Anger
800,27.0,Female,Snapchat,120.0,4.0,40.0,18.0,22.0,Neutral
801,25.0,Female,Instagram,120.0,5.0,50.0,20.0,25.0,Happiness
802,30.0,Male,Twitter,90.0,4.0,30.0,20.0,22.0,Anger
803,22.0,Non-binary,Facebook,60.0,2.0,20.0,10.0,15.0,Neutral
804,28.0,Female,Instagram,200.0,8.0,110.0,40.0,45.0,Anxiety
805,33.0,Male,LinkedIn,45.0,1.0,10.0,5.0,12.0,Boredom
806,21.0,Male,Instagram,150.0,5.0,65.0,25.0,30.0,Happiness
807,27.0,Female,Twitter,85.0,3.0,40.0,18.0,20.0,Anger
808,24.0,Non-binary,Facebook,110.0,6.0,35.0,16.0,25.0,Sadness
809,29.0,Female,LinkedIn,55.0,2.0,15.0,5.0,10.0,Neutral
810,31.0,Male,Instagram,170.0,7.0,90.0,35.0,40.0,Happiness
811,23.0,Female,Twitter,75.0,4.0,45.0,20.0,25.0,Anxiety
812,26.0,Non-binary,Facebook,95.0,3.0,30.0,14.0,18.0,Sadness
813,34.0,Male,LinkedIn,65.0,1.0,14.0,6.0,15.0,Boredom
814,22.0,Female,Instagram,180.0,8.0,100.0,38.0,45.0,Happiness
815,28.0,Male,Twitter,100.0,6.0,50.0,30.0,29.0,Anger
816,21.0,Non-binary,Facebook,40.0,1.0,10.0,4.0,12.0,Neutral
817,35.0,Female,Instagram,125.0,5.0,65.0,22.0,28.0,Anxiety
818,27.0,Male,Twitter,90.0,3.0,40.0,16.0,24.0,Sadness
819,23.0,Non-binary,LinkedIn,50.0,1.0,12.0,6.0,12.0,Neutral
820,32.0,Female,Instagram,140.0,6.0,75.0,28.0,30.0,Happiness
821,26.0,Male,Facebook,75.0,2.0,30.0,14.0,20.0,Anxiety
822,24.0,Female,Twitter,105.0,4.0,35.0,20.0,23.0,Anger
823,29.0,Male,LinkedIn,60.0,2.0,17.0,8.0,15.0,Boredom
824,33.0,Non-binary,Instagram,190.0,8.0,105.0,36.0,50.0,Happiness
825,22.0,Female,Twitter,70.0,3.0,25.0,16.0,15.0,Sadness
826,31.0,Male,Facebook,80.0,2.0,20.0,10.0,20.0,Neutral
827,27.0,Non-binary,LinkedIn,55.0,1.0,12.0,5.0,11.0,Anxiety
828,25.0,Female,Instagram,160.0,6.0,85.0,26.0,30.0,Happiness
829,30.0,Male,Twitter,90.0,4.0,43.0,19.0,24.0,Anger
830,26.0,Non-binary,Facebook,45.0,1.0,8.0,4.0,12.0,Sadness
831,34.0,Female,LinkedIn,65.0,2.0,17.0,5.0,14.0,Boredom
832,28.0,Male,Instagram,145.0,7.0,80.0,30.0,35.0,Happiness
833,23.0,Non-binary,Twitter,70.0,3.0,30.0,14.0,18.0,Neutral
834,21.0,Female,Instagram,130.0,6.0,95.0,22.0,28.0,Sadness
835,29.0,Male,Facebook,65.0,2.0,27.0,11.0,22.0,Anxiety
836,24.0,Non-binary,LinkedIn,55.0,1.0,11.0,6.0,11.0,Boredom
837,33.0,Female,Instagram,170.0,7.0,95.0,30.0,38.0,Happiness
838,27.0,Male,Twitter,85.0,4.0,45.0,18.0,24.0,Anger
839,22.0,Female,Instagram,115.0,3.0,60.0,17.0,30.0,Neutral
840,28.0,Non-binary,Facebook,100.0,2.0,22.0,12.0,25.0,Anxiety
841,31.0,Male,LinkedIn,45.0,1.0,9.0,4.0,10.0,Sadness
842,25.0,Female,Instagram,150.0,6.0,90.0,26.0,30.0,Happiness
843,29.0,Male,Twitter,95.0,4.0,50.0,22.0,22.0,Anger
844,23.0,Non-binary,Facebook,105.0,2.0,25.0,12.0,18.0,Neutral
845,35.0,Female,LinkedIn,60.0,1.0,15.0,7.0,14.0,Boredom
846,30.0,Male,Instagram,175.0,7.0,100.0,33.0,38.0,Happiness
847,21.0,Female,Twitter,90.0,3.0,37.0,14.0,20.0,Sadness
848,26.0,Non-binary,Facebook,75.0,2.0,30.0,12.0,18.0,Anxiety
849,32.0,Male,Instagram,130.0,5.0,80.0,28.0,31.0,Neutral
850,28.0,Female,LinkedIn,55.0,1.0,12.0,6.0,10.0,Boredom
851,27.0,Male,Instagram,165.0,6.0,85.0,30.0,28.0,Happiness
852,24.0,Female,Twitter,75.0,3.0,33.0,18.0,19.0,Anger
853,29.0,Non-binary,Facebook,85.0,2.0,27.0,9.0,20.0,Neutral
854,33.0,Female,Instagram,145.0,4.0,65.0,23.0,35.0,Sadness
855,31.0,Male,LinkedIn,60.0,1.0,15.0,7.0,17.0,Anxiety
856,22.0,Female,Whatsapp,70.0,2.0,42.0,10.0,21.0,Anxiety
857,25.0,Male,Telegram,90.0,3.0,22.0,11.0,22.0,Boredom
858,29.0,Non-binary,Snapchat,50.0,2.0,18.0,7.0,18.0,Sadness
859,28.0,Female,Twitter,95.0,4.0,48.0,22.0,25.0,Happiness
860,27.0,Male,Facebook,60.0,1.0,12.0,5.0,15.0,Boredom
861,30.0,Female,Instagram,175.0,6.0,72.0,30.0,33.0,Happiness
862,23.0,Male,Whatsapp,70.0,3.0,22.0,10.0,18.0,Anger
863,34.0,Non-binary,Telegram,80.0,2.0,21.0,8.0,20.0,Neutral
864,26.0,Female,Snapchat,120.0,4.0,55.0,18.0,30.0,Anxiety
865,25.0,Male,Twitter,90.0,6.0,42.0,14.0,26.0,Sadness
866,29.0,Non-binary,Facebook,60.0,1.0,12.0,4.0,12.0,Boredom
867,28.0,Male,Instagram,165.0,5.0,78.0,23.0,35.0,Happiness
868,31.0,Female,Whatsapp,65.0,2.0,27.0,10.0,20.0,Neutral
869,27.0,Male,Telegram,105.0,3.0,48.0,20.0,28.0,Anxiety
870,22.0,Non-binary,Snapchat,75.0,2.0,21.0,8.0,20.0,Sadness
871,24.0,Female,Instagram,140.0,4.0,65.0,22.0,30.0,Happiness
872,35.0,Male,Twitter,70.0,1.0,13.0,8.0,10.0,Boredom
873,21.0,Non-binary,Facebook,55.0,3.0,17.0,7.0,12.0,Neutral
874,29.0,Female,Whatsapp,90.0,2.0,24.0,12.0,22.0,Anger
875,25.0,Male,Telegram,80.0,4.0,30.0,13.0,25.0,Neutral
876,28.0,Non-binary,Snapchat,115.0,3.0,38.0,18.0,27.0,Anxiety
877,32.0,Female,Instagram,155.0,6.0,75.0,25.0,38.0,Happiness
878,26.0,Male,Twitter,75.0,2.0,23.0,12.0,18.0,Sadness
879,33.0,Non-binary,Facebook,65.0,1.0,13.0,7.0,14.0,Anxiety
880,27.0,Female,Whatsapp,90.0,4.0,37.0,18.0,20.0,Neutral
881,31.0,Male,Telegram,50.0,2.0,20.0,10.0,12.0,Sadness
882,24.0,Non-binary,Snapchat,85.0,3.0,33.0,20.0,18.0,Happiness
883,34.0,Female,Instagram,120.0,5.0,60.0,25.0,25.0,Anger
884,22.0,Male,Twitter,70.0,1.0,22.0,7.0,22.0,Neutral
885,29.0,Non-binary,Facebook,75.0,2.0,20.0,8.0,20.0,Boredom
886,28.0,Female,Whatsapp,100.0,4.0,37.0,14.0,26.0,Anxiety
887,31.0,Male,Telegram,85.0,3.0,45.0,20.0,28.0,Sadness
888,21.0,Non-binary,Snapchat,60.0,1.0,18.0,7.0,12.0,Neutral
889,25.0,Female,Instagram,170.0,6.0,83.0,30.0,33.0,Happiness
890,30.0,Male,Twitter,70.0,2.0,30.0,12.0,20.0,Anxiety
891,27.0,Non-binary,Facebook,50.0,1.0,10.0,4.0,10.0,Boredom
892,32.0,Female,Whatsapp,105.0,4.0,55.0,25.0,25.0,Anger
893,24.0,Male,Telegram,75.0,3.0,37.0,16.0,22.0,Neutral
894,29.0,Female,Snapchat,95.0,2.0,23.0,10.0,28.0,Sadness
895,26.0,Male,Instagram,150.0,5.0,70.0,25.0,30.0,Anxiety
896,33.0,Non-binary,Twitter,85.0,4.0,35.0,18.0,18.0,Boredom
897,22.0,Female,Facebook,70.0,1.0,14.0,6.0,10.0,Neutral
898,35.0,Male,Whatsapp,110.0,3.0,50.0,25.0,25.0,Happiness
899,28.0,Non-binary,Telegram,60.0,2.0,18.0,8.0,18.0,Anger
900,27.0,Female,Snapchat,120.0,4.0,40.0,18.0,22.0,Neutral
901,25.0,Female,Instagram,120.0,5.0,50.0,20.0,25.0,Happiness
902,30.0,Male,Twitter,90.0,4.0,30.0,20.0,22.0,Anger
903,22.0,Non-binary,Facebook,60.0,2.0,20.0,10.0,15.0,Neutral
904,28.0,Female,Instagram,200.0,8.0,110.0,40.0,45.0,Anxiety
905,33.0,Male,LinkedIn,45.0,1.0,10.0,5.0,12.0,Boredom
906,21.0,Male,Instagram,150.0,5.0,65.0,25.0,30.0,Happiness
907,27.0,Female,Twitter,85.0,3.0,40.0,18.0,20.0,Anger
908,24.0,Non-binary,Facebook,110.0,6.0,35.0,16.0,25.0,Sadness
909,29.0,Female,LinkedIn,55.0,2.0,15.0,5.0,10.0,Neutral
910,31.0,Male,Instagram,170.0,7.0,90.0,35.0,40.0,Happiness
911,23.0,Female,Twitter,75.0,4.0,45.0,20.0,25.0,Anxiety
912,26.0,Non-binary,Facebook,95.0,3.0,30.0,14.0,18.0,Sadness
913,34.0,Male,LinkedIn,65.0,1.0,14.0,6.0,15.0,Boredom
914,22.0,Female,Instagram,180.0,8.0,100.0,38.0,45.0,Happiness
915,28.0,Male,Twitter,100.0,6.0,50.0,30.0,29.0,Anger
916,21.0,Non-binary,Facebook,40.0,1.0,10.0,4.0,12.0,Neutral
917,35.0,Female,Instagram,125.0,5.0,65.0,22.0,28.0,Anxiety
918,27.0,Male,Twitter,90.0,3.0,40.0,16.0,24.0,Sadness
919,23.0,Non-binary,LinkedIn,50.0,1.0,12.0,6.0,12.0,Neutral
920,32.0,Female,Instagram,140.0,6.0,75.0,28.0,30.0,Happiness
921,26.0,Male,Facebook,75.0,2.0,30.0,14.0,20.0,Anxiety
922,24.0,Female,Twitter,105.0,4.0,35.0,20.0,23.0,Anger
923,29.0,Male,LinkedIn,60.0,2.0,17.0,8.0,15.0,Boredom
924,33.0,Non-binary,Instagram,190.0,8.0,105.0,36.0,50.0,Happiness
925,22.0,Female,Twitter,70.0,3.0,25.0,16.0,15.0,Sadness
926,31.0,Male,Facebook,80.0,2.0,20.0,10.0,20.0,Neutral
927,27.0,Non-binary,LinkedIn,55.0,1.0,12.0,5.0,11.0,Anxiety
928,25.0,Female,Instagram,160.0,6.0,85.0,26.0,30.0,Happiness
929,30.0,Male,Twitter,90.0,4.0,43.0,19.0,24.0,Anger
930,26.0,Non-binary,Facebook,45.0,1.0,8.0,4.0,12.0,Sadness
931,34.0,Female,LinkedIn,65.0,2.0,17.0,5.0,14.0,Boredom
932,28.0,Male,Instagram,145.0,7.0,80.0,30.0,35.0,Happiness
933,23.0,Non-binary,Twitter,70.0,3.0,30.0,14.0,18.0,Neutral
934,21.0,Female,Instagram,130.0,6.0,95.0,22.0,28.0,Sadness
935,29.0,Male,Facebook,65.0,2.0,27.0,11.0,22.0,Anxiety
936,24.0,Non-binary,LinkedIn,55.0,1.0,11.0,6.0,11.0,Boredom
937,33.0,Female,Instagram,170.0,7.0,95.0,30.0,38.0,Happiness
938,27.0,Male,Twitter,85.0,4.0,45.0,18.0,24.0,Anger
939,22.0,Female,Instagram,115.0,3.0,60.0,17.0,30.0,Neutral
940,28.0,Non-binary,Facebook,100.0,2.0,22.0,12.0,25.0,Anxiety
941,31.0,Male,LinkedIn,45.0,1.0,9.0,4.0,10.0,Sadness
942,25.0,Female,Instagram,150.0,6.0,90.0,26.0,30.0,Happiness
943,29.0,Male,Twitter,95.0,4.0,50.0,22.0,22.0,Anger
944,23.0,Non-binary,Facebook,105.0,2.0,25.0,12.0,18.0,Neutral
945,35.0,Female,LinkedIn,60.0,1.0,15.0,7.0,14.0,Boredom
946,30.0,Male,Instagram,175.0,7.0,100.0,33.0,38.0,Happiness
947,21.0,Female,Twitter,90.0,3.0,37.0,14.0,20.0,Sadness
948,26.0,Non-binary,Facebook,75.0,2.0,30.0,12.0,18.0,Anxiety
949,32.0,Male,Instagram,130.0,5.0,80.0,28.0,31.0,Neutral
950,28.0,Female,LinkedIn,55.0,1.0,12.0,6.0,10.0,Boredom
951,27.0,Male,Instagram,165.0,6.0,85.0,30.0,28.0,Happiness
952,24.0,Female,Twitter,75.0,3.0,33.0,18.0,19.0,Anger
953,29.0,Non-binary,Facebook,85.0,2.0,27.0,9.0,20.0,Neutral
954,33.0,Female,Instagram,145.0,4.0,65.0,23.0,35.0,Sadness
955,31.0,Male,LinkedIn,60.0,1.0,15.0,7.0,17.0,Anxiety
956,22.0,Female,Whatsapp,70.0,2.0,42.0,10.0,21.0,Anxiety
957,25.0,Male,Telegram,90.0,3.0,22.0,11.0,22.0,Boredom
958,29.0,Non-binary,Snapchat,50.0,2.0,18.0,7.0,18.0,Sadness
959,28.0,Female,Twitter,95.0,4.0,48.0,22.0,25.0,Happiness
960,27.0,Male,Facebook,60.0,1.0,12.0,5.0,15.0,Boredom
961,30.0,Female,Instagram,175.0,6.0,72.0,30.0,33.0,Happiness
962,23.0,Male,Whatsapp,70.0,3.0,22.0,10.0,18.0,Anger
963,34.0,Non-binary,Telegram,80.0,2.0,21.0,8.0,20.0,Neutral
964,26.0,Female,Snapchat,120.0,4.0,55.0,18.0,30.0,Anxiety
965,25.0,Male,Twitter,90.0,6.0,42.0,14.0,26.0,Sadness
966,29.0,Non-binary,Facebook,60.0,1.0,12.0,4.0,12.0,Boredom
967,28.0,Male,Instagram,165.0,5.0,78.0,23.0,35.0,Happiness
968,31.0,Female,Whatsapp,65.0,2.0,27.0,10.0,20.0,Neutral
969,27.0,Male,Telegram,105.0,3.0,48.0,20.0,28.0,Anxiety
970,22.0,Non-binary,Snapchat,75.0,2.0,21.0,8.0,20.0,Sadness
971,24.0,Female,Instagram,140.0,4.0,65.0,22.0,30.0,Happiness
972,35.0,Male,Twitter,70.0,1.0,13.0,8.0,10.0,Boredom
973,21.0,Non-binary,Facebook,55.0,3.0,17.0,7.0,12.0,Neutral
974,29.0,Female,Whatsapp,90.0,2.0,24.0,12.0,22.0,Anger
975,25.0,Male,Telegram,80.0,4.0,30.0,13.0,25.0,Neutral
976,28.0,Non-binary,Snapchat,115.0,3.0,38.0,18.0,27.0,Anxiety
977,32.0,Female,Instagram,155.0,6.0,75.0,25.0,38.0,Happiness
978,26.0,Male,Twitter,75.0,2.0,23.0,12.0,18.0,Sadness
979,33.0,Non-binary,Facebook,65.0,1.0,13.0,7.0,14.0,Anxiety
980,27.0,Female,Whatsapp,90.0,4.0,37.0,18.0,20.0,Neutral
981,31.0,Male,Telegram,50.0,2.0,20.0,10.0,12.0,Sadness
982,24.0,Non-binary,Snapchat,85.0,3.0,33.0,20.0,18.0,Happiness
983,34.0,Female,Instagram,120.0,5.0,60.0,25.0,25.0,Anger
984,22.0,Male,Twitter,70.0,1.0,22.0,7.0,22.0,Neutral
985,29.0,Non-binary,Facebook,75.0,2.0,20.0,8.0,20.0,Boredom
986,28.0,Female,Whatsapp,100.0,4.0,37.0,14.0,26.0,Anxiety
987,31.0,Male,Telegram,85.0,3.0,45.0,20.0,28.0,Sadness
988,21.0,Non-binary,Snapchat,60.0,1.0,18.0,7.0,12.0,Neutral
989,25.0,Female,Instagram,170.0,6.0,83.0,30.0,33.0,Happiness
990,30.0,Male,Twitter,70.0,2.0,30.0,12.0,20.0,Anxiety
991,27.0,Non-binary,Facebook,50.0,1.0,10.0,4.0,10.0,Boredom
992,32.0,Female,Whatsapp,105.0,4.0,55.0,25.0,25.0,Anger
993,24.0,Male,Telegram,75.0,3.0,37.0,16.0,22.0,Neutral
994,29.0,Female,Snapchat,95.0,2.0,23.0,10.0,28.0,Sadness
995,26.0,Male,Instagram,150.0,5.0,70.0,25.0,30.0,Anxiety
996,33.0,Non-binary,Twitter,85.0,4.0,35.0,18.0,18.0,Boredom
997,22.0,Female,Facebook,70.0,1.0,14.0,6.0,10.0,Neutral
998,35.0,Male,Whatsapp,110.0,3.0,50.0,25.0,25.0,Happiness
999,28.0,Non-binary,Telegram,60.0,2.0,18.0,8.0,18.0,Anger
1000,27.0,Female,Snapchat,120.0,4.0,40.0,18.0,22.0,Neutral
